{
  "num_predictions": 127385,
  "num_gt_clusters": 684,
  "active_quality_score_mode": "sqrt_cls_mul_q",
  "spearman": {
    "cls_iou": 0.46651987450398485,
    "q_iou": 0.6891145754838168,
    "cls_mul_q_iou": 0.512409348443696,
    "sqrt_cls_mul_q_iou": 0.5588761033400355,
    "cls_mul_q2_iou": 0.558876102766549
  },
  "q_by_iou_bin": {
    "0.0-0.3": {
      "count": 100338,
      "mean_q": 0.46526426217906375
    },
    "0.3-0.5": {
      "count": 10439,
      "mean_q": 0.7132043881224586
    },
    "0.5-0.75": {
      "count": 13045,
      "mean_q": 0.7461360711208839
    },
    "0.75-1.0": {
      "count": 3563,
      "mean_q": 0.7525469608314246
    }
  },
  "cluster_iou_gap": {
    "mean_best_minus_top_cls": 0.11468385198093646,
    "mean_best_minus_top_q": 0.28749913790900455,
    "mean_best_minus_top_final": 0.11589228221329681,
    "count": 684
  }
}