{
  "num_predictions": 18702,
  "num_gt_clusters": 682,
  "active_quality_score_mode": "cls_mul_q2",
  "spearman": {
    "cls_iou": 0.49340894018591525,
    "q_iou": 0.13749840121302573,
    "cls_mul_q_iou": 0.498174022815623,
    "sqrt_cls_mul_q_iou": 0.5026980691858801,
    "cls_mul_q2_iou": 0.5026980681647195
  },
  "q_by_iou_bin": {
    "0.0-0.3": {
      "count": 2473,
      "mean_q": 0.7213615571445074
    },
    "0.3-0.5": {
      "count": 3530,
      "mean_q": 0.7623629897241889
    },
    "0.5-0.75": {
      "count": 9519,
      "mean_q": 0.755980950034783
    },
    "0.75-1.0": {
      "count": 3180,
      "mean_q": 0.7535679544292906
    }
  },
  "cluster_iou_gap": {
    "mean_best_minus_top_cls": 0.1078914927531722,
    "mean_best_minus_top_q": 0.2581158070947942,
    "mean_best_minus_top_final": 0.10906368067974219,
    "count": 682
  }
}